ts,src,bytes,service
1749476460.504627,10.1.0.21,19,0.0001
1749476473.413343,10.1.0.21,19,0.0001
1749476486.416826,10.1.0.21,19,0.0001
1749476499.436430,10.1.0.21,19,0.0000
1749476512.395550,10.1.0.21,19,0.0001
1749476524.676663,10.1.0.21,19,0.0001
1749476537.630666,10.1.0.21,19,0.0001
1749476550.109093,10.1.0.21,19,0.0001
1749476563.761860,10.1.0.21,19,0.0000
1749476576.503780,10.1.0.21,19,0.0000
1749476589.494127,10.1.0.21,19,0.0000
1749476601.064207,10.1.0.21,19,0.0000
1749476612.978325,10.1.0.21,19,0.0000
1749476624.224538,10.1.0.21,19,0.0001
1749476635.576481,10.1.0.21,19,0.0001
1749476647.145703,10.1.0.21,19,0.0000
1749476658.678761,10.1.0.21,19,0.0001
1749476669.971808,10.1.0.21,19,0.0001
1749476682.250984,10.1.0.21,19,0.0000
1749476693.719984,10.1.0.21,19,0.0001
1749476704.599891,10.1.0.21,19,0.0001
1749476715.764992,10.1.0.21,19,0.0000
1749476726.698983,10.1.0.21,19,0.0001
1749476736.966837,10.1.0.21,19,0.0000
1749476747.371081,10.1.0.21,19,0.0001
1749476757.860328,10.1.0.21,19,0.0001
1749476768.301105,10.1.0.21,19,0.0000
1749476779.104132,10.1.0.21,19,0.0001
1749476789.930156,10.1.0.21,19,0.0001
1749476800.460250,10.1.0.21,19,0.0001
1749476810.895359,10.1.0.21,19,0.0001
1749476826.664230,10.1.0.21,19,0.0001
1749476844.817326,10.1.0.21,19,0.0001
1749476862.627214,10.1.0.21,19,0.0000
1749476879.133309,10.1.0.21,19,0.0001
1749476895.018323,10.1.0.21,19,0.0001
1749476911.601201,10.1.0.21,19,0.0001
1749476928.205423,10.1.0.21,19,0.0000
1749476945.193540,10.1.0.21,19,0.0001
1749476962.483921,10.1.0.21,19,0.0000
1749476979.877234,10.1.0.21,19,0.0000
1749476993.928038,10.1.0.21,19,0.0001
1749477008.073265,10.1.0.21,19,0.0001
1749477021.772231,10.1.0.21,19,0.0000
1749477035.415221,10.1.0.21,19,0.0001
1749477050.342802,10.1.0.21,19,0.0000
1749477064.435810,10.1.0.21,19,0.0000
1749477078.418937,10.1.0.21,19,0.0000
1749477093.251720,10.1.0.21,19,0.0000
1749477106.497708,10.1.0.21,19,0.0000
1749477120.583886,10.1.0.21,19,0.0001
1749477133.844696,10.1.0.21,19,0.0001
1749477146.787631,10.1.0.21,19,0.0001
1749477160.494303,10.1.0.21,19,0.0000
1749477173.254462,10.1.0.21,19,0.0001
1749477186.171492,10.1.0.21,19,0.0000
1749477199.125303,10.1.0.21,19,0.0001
1749477211.362235,10.1.0.21,19,0.0000
1749477224.237869,10.1.0.21,19,0.0001
1749477237.332168,10.1.0.21,19,0.0001
1749477250.672485,10.1.0.21,19,0.0000
1749477270.942790,10.1.0.21,19,0.0001
1749477291.956795,10.1.0.21,19,0.0001
1749477312.914634,10.1.0.21,19,0.0000
1749477334.308383,10.1.0.21,19,0.0000
1749477354.586211,10.1.0.21,19,0.0000
1749477374.515194,10.1.0.21,19,0.0001
1749477395.893160,10.1.0.21,19,0.0001
1749477416.126723,10.1.0.21,19,0.0001
1749477438.241537,10.1.0.21,19,0.0001
1749477458.145249,10.1.0.21,19,0.0000
1749477474.034448,10.1.0.21,19,0.0001
1749477491.132127,10.1.0.21,19,0.0001
1749477508.128006,10.1.0.21,19,0.0000
1749477524.444047,10.1.0.21,19,0.0001
1749477540.609916,10.1.0.21,19,0.0001
1749477558.407691,10.1.0.21,19,0.0001
1749477574.943554,10.1.0.21,19,0.0000
1749477593.027465,10.1.0.21,19,0.0001
1749477609.945964,10.1.0.21,19,0.0000
1749477627.686018,10.1.0.21,19,0.0001
1749477643.537936,10.1.0.21,19,0.0001
1749477658.233522,10.1.0.21,19,0.0000
1749477673.875409,10.1.0.21,19,0.0000
1749477688.594521,10.1.0.21,19,0.0001
1749477703.035232,10.1.0.21,19,0.0001
1749477718.915225,10.1.0.21,19,0.0001
1749477734.898756,10.1.0.21,19,0.0000
1749477749.217121,10.1.0.21,19,0.0001
1749477764.010511,10.1.0.21,19,0.0000
1749477778.901589,10.1.0.21,19,0.0001
1749477792.617359,10.1.0.21,19,0.0000
1749477805.543311,10.1.0.21,19,0.0000
1749477818.545829,10.1.0.21,19,0.0000
1749477831.554981,10.1.0.21,19,0.0001
1749477844.496111,10.1.0.21,19,0.0001
1749477857.906583,10.1.0.21,19,0.0000
1749477871.031537,10.1.0.21,19,0.0000
1749477884.298337,10.1.0.21,19,0.0001
1749477896.988084,10.1.0.21,19,0.0000
1749477909.543929,10.1.0.21,19,0.0000
1749477921.078188,10.1.0.21,19,0.0001
1749477932.312135,10.1.0.21,19,0.0001
1749477944.187764,10.1.0.21,19,0.0001
1749477956.087442,10.1.0.21,19,0.0000
1749477967.649465,10.1.0.21,19,0.0001
1749477979.139284,10.1.0.21,19,0.0001
1749477990.746426,10.1.0.21,19,0.0001
1749478002.615884,10.1.0.21,19,0.0000
1749478013.871004,10.1.0.21,19,0.0000
1749478025.335045,10.1.0.21,19,0.0001
1749478036.623725,10.1.0.21,19,0.0000
1749478047.405703,10.1.0.21,19,0.0001
1749478058.167385,10.1.0.21,19,0.0000
1749478068.931235,10.1.0.21,19,0.0000
1749478079.343329,10.1.0.21,19,0.0000
1749478090.232980,10.1.0.21,19,0.0001
1749478101.378917,10.1.0.21,19,0.0000
1749478112.139054,10.1.0.21,19,0.0001
1749478122.960774,10.1.0.21,19,0.0001
1749478133.810781,10.1.0.21,19,0.0001
1749478151.503231,10.1.0.21,19,0.0001
1749478168.120502,10.1.0.21,19,0.0000
1749478185.456981,10.1.0.21,19,0.0000
1749478203.149107,10.1.0.21,19,0.0001
1749478220.135387,10.1.0.21,19,0.0001
1749478237.165071,10.1.0.21,19,0.0000
1749478254.944250,10.1.0.21,19,0.0000
1749478271.925873,10.1.0.21,19,0.0001
1749478290.730922,10.1.0.21,19,0.0001
1749478307.297901,10.1.0.21,19,0.0001
1749478322.134546,10.1.0.21,19,0.0000
1749478336.249355,10.1.0.21,19,0.0001
1749478350.317247,10.1.0.21,19,0.0000
1749478365.504872,10.1.0.21,19,0.0001
1749478379.889850,10.1.0.21,19,0.0000
1749478394.345628,10.1.0.21,19,0.0001
1749478409.192415,10.1.0.21,19,0.0000
1749478424.658155,10.1.0.21,19,0.0000
1749478438.819478,10.1.0.21,19,0.0001
1749478453.242976,10.1.0.21,19,0.0001
1749478466.253909,10.1.0.21,19,0.0000
1749478479.711602,10.1.0.21,19,0.0001
1749478492.298599,10.1.0.21,19,0.0001
1749478504.900556,10.1.0.21,19,0.0001
1749478517.921056,10.1.0.21,19,0.0000
1749478531.311254,10.1.0.21,19,0.0001
1749478543.979977,10.1.0.21,19,0.0001
1749478556.759833,10.1.0.21,19,0.0001
1749478569.251442,10.1.0.21,19,0.0001
1749478581.943523,10.1.0.21,19,0.0001
1749478603.337849,10.1.0.21,19,0.0000
1749478625.708042,10.1.0.21,19,0.0000
1749478646.325083,10.1.0.21,19,0.0000
1749478667.387903,10.1.0.21,19,0.0000
1749478688.335230,10.1.0.21,19,0.0001
1749478709.311680,10.1.0.21,19,0.0001
1749478730.739143,10.1.0.21,19,0.0001
1749478751.710354,10.1.0.21,19,0.0000
1749478772.727482,10.1.0.21,19,0.0001
1749478793.773002,10.1.0.21,19,0.0001
1749478811.405440,10.1.0.21,19,0.0001
1749478828.061513,10.1.0.21,19,0.0001
1749478845.028265,10.1.0.21,19,0.0001
1749478863.129097,10.1.0.21,19,0.0001
1749478880.982711,10.1.0.21,19,0.0001
1749478898.220296,10.1.0.21,19,0.0001
1749478915.585162,10.1.0.21,19,0.0001
1749478932.601850,10.1.0.21,19,0.0001
1749478950.351796,10.1.0.21,19,0.0001
1749478967.259299,10.1.0.21,19,0.0001
1749478982.143244,10.1.0.21,19,0.0000
1749478997.255909,10.1.0.21,19,0.0001
1749479012.061769,10.1.0.21,19,0.0000
1749479027.588401,10.1.0.21,19,0.0001
1749479042.340139,10.1.0.21,19,0.0001
1749479057.191192,10.1.0.21,19,0.0001
1749479072.772191,10.1.0.21,19,0.0001
1749479088.301553,10.1.0.21,19,0.0000
1749479103.151514,10.1.0.21,19,0.0001
1749479117.895221,10.1.0.21,19,0.0001
1749479133.770743,10.1.0.21,19,0.0000
1749479150.101784,10.1.0.21,19,0.0001
1749479166.335590,10.1.0.21,19,0.0001
1749479182.267070,10.1.0.21,19,0.0001
1749479198.609190,10.1.0.21,19,0.0001
1749479214.759084,10.1.0.21,19,0.0001
1749479230.766272,10.1.0.21,19,0.0001
1749479247.215437,10.1.0.21,19,0.0001
1749479263.420879,10.1.0.21,19,0.0000
1749479279.490196,10.1.0.21,19,0.0001
1749479293.127602,10.1.0.21,19,0.0000
1749479306.786644,10.1.0.21,19,0.0001
1749479320.513038,10.1.0.21,19,0.0001
1749479334.332058,10.1.0.21,19,0.0000
1749479348.133748,10.1.0.21,19,0.0001
1749479361.754810,10.1.0.21,19,0.0001
1749479375.847606,10.1.0.21,19,0.0000
1749479389.593086,10.1.0.21,19,0.0000
1749479403.514316,10.1.0.21,19,0.0001
1749479416.892835,10.1.0.21,19,0.0001
1749479429.588991,10.1.0.21,19,0.0001
1749479441.752914,10.1.0.21,19,0.0000
1749479454.393251,10.1.0.21,19,0.0000
1749479467.016472,10.1.0.21,19,0.0001
1749479479.661073,10.1.0.21,19,0.0000
1749479492.303009,10.1.0.21,19,0.0001
1749479504.592695,10.1.0.21,19,0.0001
1749479516.901764,10.1.0.21,19,0.0000
1749479529.053231,10.1.0.21,19,0.0001
1749479541.763328,10.1.0.21,19,0.0001
1749479565.237973,10.1.0.21,19,0.0001
1749479588.377283,10.1.0.21,19,0.0000
1749479611.943518,10.1.0.21,19,0.0001
1749479635.025001,10.1.0.21,19,0.0001
1749479658.314752,10.1.0.21,19,0.0001
1749479681.556409,10.1.0.21,19,0.0001
1749479705.089336,10.1.0.21,19,0.0001
1749479728.226679,10.1.0.21,19,0.0001
1749479751.452353,10.1.0.21,19,0.0000
1749479774.672727,10.1.0.21,19,0.0000
1749479793.175981,10.1.0.21,19,0.0001
1749479811.668833,10.1.0.21,19,0.0001
1749479830.156381,10.1.0.21,19,0.0000
1749479848.481288,10.1.0.21,19,0.0001
1749479867.335587,10.1.0.21,19,0.0000
1749479885.708484,10.1.0.21,19,0.0000
1749479904.185415,10.1.0.21,19,0.0001
1749479922.596276,10.1.0.21,19,0.0001
1749479941.003008,10.1.0.21,19,0.0000
1749479959.584764,10.1.0.21,19,0.0001
1749479975.870808,10.1.0.21,19,0.0001
1749479991.859304,10.1.0.21,19,0.0001
1749480007.657759,10.1.0.21,19,0.0000
1749480024.067883,10.1.0.21,19,0.0000
1749480040.208536,10.1.0.21,19,0.0001
1749480056.086530,10.1.0.21,19,0.0000
1749480072.057166,10.1.0.21,19,0.0001
1749480088.286112,10.1.0.21,19,0.0001
1749480104.274581,10.1.0.21,19,0.0001
1749480120.521709,10.1.0.21,19,0.0000
1749480151.041314,10.1.0.21,19,0.0001
1749480181.892932,10.1.0.21,19,0.0001
1749480212.433655,10.1.0.21,19,0.0001
1749480242.808974,10.1.0.21,19,0.0000
1749480273.776656,10.1.0.21,19,0.0001
1749480304.663453,10.1.0.21,19,0.0001
1749480335.166806,10.1.0.21,19,0.0000
1749480365.849594,10.1.0.21,19,0.0001
1749480396.235097,10.1.0.21,19,0.0001
1749480426.714502,10.1.0.21,19,0.0000
1749480450.374846,10.1.0.21,19,0.0001
1749480473.510143,10.1.0.21,19,0.0001
1749480497.148561,10.1.0.21,19,0.0001
1749480520.197976,10.1.0.21,19,0.0000
1749480543.793993,10.1.0.21,19,0.0000
1749480567.408703,10.1.0.21,19,0.0000
1749480590.920368,10.1.0.21,19,0.0000
1749480614.455826,10.1.0.21,19,0.0001
1749480638.083755,10.1.0.21,19,0.0000
1749480661.541725,10.1.0.21,19,0.0000
1749480681.074756,10.1.0.21,19,0.0000
1749480701.115864,10.1.0.21,19,0.0001
1749480721.053811,10.1.0.21,19,0.0001
1749480740.693933,10.1.0.21,19,0.0000
1749480760.233022,10.1.0.21,19,0.0001
1749480779.773849,10.1.0.21,19,0.0001
1749480799.343114,10.1.0.21,19,0.0001
1749480819.100579,10.1.0.21,19,0.0001
1749480838.994359,10.1.0.21,19,0.0001
