run_idx,nop_bits,pps,port,iface,bits,duration,bps,message,timestamp
1,1,1,8888,eth0,120,11.9944,10.00,Hello from SEC!,2025-04-13T18:42:25.108205
2,1,1,8888,eth0,120,11.9310,10.06,Hello from SEC!,2025-04-13T18:42:37.316722
3,1,1,8888,eth0,120,11.6781,10.28,Hello from SEC!,2025-04-13T18:42:49.297441
4,1,1,8888,eth0,120,12.0316,9.97,Hello from SEC!,2025-04-13T18:43:01.634277
5,1,1,8888,eth0,120,11.9762,10.02,Hello from SEC!,2025-04-13T18:43:13.914679
1,1,1,8888,eth0,120,18.1295,6.62,Hello from SEC!,2025-04-13T18:43:52.147642
2,1,1,8888,eth0,120,18.2884,6.56,Hello from SEC!,2025-04-13T18:44:10.862638
3,1,1,8888,eth0,120,18.2327,6.58,Hello from SEC!,2025-04-13T18:44:29.538254
4,1,1,8888,eth0,120,18.1015,6.63,Hello from SEC!,2025-04-13T18:44:48.080603
5,1,1,8888,eth0,120,18.0074,6.66,Hello from SEC!,2025-04-13T18:45:06.531145
1,1,2,8888,eth0,120,23.6011,5.08,Hello from SEC!,2025-04-13T18:46:23.205646
2,1,2,8888,eth0,120,23.3679,5.14,Hello from SEC!,2025-04-13T18:46:46.850250
3,1,2,8888,eth0,120,23.5180,5.10,Hello from SEC!,2025-04-13T18:47:10.680495
4,1,2,8888,eth0,120,23.7201,5.06,Hello from SEC!,2025-04-13T18:47:34.703394
5,1,2,8888,eth0,120,23.5908,5.09,Hello from SEC!,2025-04-13T18:47:58.589241
1,1,2,8888,eth0,120,35.8146,3.35,Hello from SEC!,2025-04-13T18:52:50.198900
2,1,2,8888,eth0,120,36.1735,3.32,Hello from SEC!,2025-04-13T18:53:26.799713
3,1,2,8888,eth0,120,35.9438,3.34,Hello from SEC!,2025-04-13T18:54:03.171430
4,1,2,8888,eth0,120,35.9559,3.34,Hello from SEC!,2025-04-13T18:54:39.592506
5,1,2,8888,eth0,120,36.2467,3.31,Hello from SEC!,2025-04-13T18:55:16.278656
1,1,3,8888,eth0,120,34.8748,3.44,Hello from SEC!,2025-04-13T18:56:37.759548
2,1,3,8888,eth0,120,35.3603,3.39,Hello from SEC!,2025-04-13T18:57:13.426524
3,1,3,8888,eth0,120,35.0883,3.42,Hello from SEC!,2025-04-13T18:57:48.826179
4,1,3,8888,eth0,120,35.2202,3.41,Hello from SEC!,2025-04-13T18:58:24.338904
5,1,3,8888,eth0,120,35.2395,3.41,Hello from SEC!,2025-04-13T18:58:59.878186
1,1,3,8888,eth0,120,53.3083,2.25,Hello from SEC!,2025-04-13T19:01:31.809558
2,1,3,8888,eth0,120,53.6785,2.24,Hello from SEC!,2025-04-13T19:02:25.922831
3,1,3,8888,eth0,120,53.5544,2.24,Hello from SEC!,2025-04-13T19:03:19.915431
4,1,3,8888,eth0,120,53.6167,2.24,Hello from SEC!,2025-04-13T19:04:13.965277
5,1,3,8888,eth0,120,53.2703,2.25,Hello from SEC!,2025-04-13T19:05:07.678056
1,2,1,8888,eth0,120,6.0034,19.99,Hello from SEC!,2025-04-13T19:06:47.055821
2,2,1,8888,eth0,120,6.0412,19.86,Hello from SEC!,2025-04-13T19:06:53.366485
3,2,1,8888,eth0,120,6.1707,19.45,Hello from SEC!,2025-04-13T19:06:59.827105
4,2,1,8888,eth0,120,6.0837,19.72,Hello from SEC!,2025-04-13T19:07:06.213109
5,2,1,8888,eth0,120,6.0289,19.90,Hello from SEC!,2025-04-13T19:07:12.535751
1,2,1,8888,eth0,120,9.2706,12.94,Hello from SEC!,2025-04-13T19:07:54.422933
2,2,1,8888,eth0,120,9.3792,12.79,Hello from SEC!,2025-04-13T19:08:04.230812
3,2,1,8888,eth0,120,9.2743,12.94,Hello from SEC!,2025-04-13T19:08:13.980148
4,2,1,8888,eth0,120,9.2856,12.92,Hello from SEC!,2025-04-13T19:08:23.710241
5,2,1,8888,eth0,120,9.1835,13.07,Hello from SEC!,2025-04-13T19:08:33.332291
1,2,2,8888,eth0,120,12.0417,9.97,Hello from SEC!,2025-04-13T19:09:14.890136
2,2,2,8888,eth0,120,12.0059,10.00,Hello from SEC!,2025-04-13T19:09:27.187692
3,2,2,8888,eth0,120,11.9198,10.07,Hello from SEC!,2025-04-13T19:09:39.426667
4,2,2,8888,eth0,120,12.1978,9.84,Hello from SEC!,2025-04-13T19:09:51.910580
5,2,2,8888,eth0,120,12.0747,9.94,Hello from SEC!,2025-04-13T19:10:04.284044
1,2,2,8888,eth0,120,18.1995,6.59,Hello from SEC!,2025-04-13T19:11:21.017559
2,2,2,8888,eth0,120,18.2845,6.56,Hello from SEC!,2025-04-13T19:11:39.741237
3,2,2,8888,eth0,120,18.0680,6.64,Hello from SEC!,2025-04-13T19:11:58.250071
4,2,2,8888,eth0,120,17.9891,6.67,Hello from SEC!,2025-04-13T19:12:16.668561
5,2,2,8888,eth0,120,18.1661,6.61,Hello from SEC!,2025-04-13T19:12:35.281863
1,2,3,8888,eth0,120,17.8315,6.73,Hello from SEC!,2025-04-13T19:13:50.036124
2,2,3,8888,eth0,120,17.7717,6.75,Hello from SEC!,2025-04-13T19:14:08.106094
3,2,3,8888,eth0,120,17.8224,6.73,Hello from SEC!,2025-04-13T19:14:26.237348
4,2,3,8888,eth0,120,17.7377,6.77,Hello from SEC!,2025-04-13T19:14:44.242421
5,2,3,8888,eth0,120,17.6322,6.81,Hello from SEC!,2025-04-13T19:15:02.164080
1,2,3,8888,eth0,120,26.8578,4.47,Hello from SEC!,2025-04-13T19:18:46.598658
2,2,3,8888,eth0,120,27.0225,4.44,Hello from SEC!,2025-04-13T19:19:14.063219
3,2,3,8888,eth0,120,26.9589,4.45,Hello from SEC!,2025-04-13T19:19:41.451809
4,2,3,8888,eth0,120,26.9948,4.45,Hello from SEC!,2025-04-13T19:20:08.870401
5,2,3,8888,eth0,120,27.1172,4.43,Hello from SEC!,2025-04-13T19:20:36.426272
1,3,1,8888,eth0,120,4.1397,28.99,Hello from SEC!,2025-04-13T19:21:22.022880
2,3,1,8888,eth0,120,4.1631,28.82,Hello from SEC!,2025-04-13T19:21:26.475684
3,3,1,8888,eth0,120,4.2194,28.44,Hello from SEC!,2025-04-13T19:21:30.951038
4,3,1,8888,eth0,120,4.2176,28.45,Hello from SEC!,2025-04-13T19:21:35.436221
5,3,1,8888,eth0,120,4.1752,28.74,Hello from SEC!,2025-04-13T19:21:39.909281
1,3,1,8888,eth0,120,6.3131,19.01,Hello from SEC!,2025-04-13T19:22:12.193594
2,3,1,8888,eth0,120,6.3544,18.88,Hello from SEC!,2025-04-13T19:22:19.003230
3,3,1,8888,eth0,120,6.3546,18.88,Hello from SEC!,2025-04-13T19:22:25.808480
4,3,1,8888,eth0,120,6.4256,18.68,Hello from SEC!,2025-04-13T19:22:32.666387
5,3,1,8888,eth0,120,6.3201,18.99,Hello from SEC!,2025-04-13T19:22:39.434811
1,3,2,8888,eth0,120,8.1005,14.81,Hello from SEC!,2025-04-13T19:23:03.213505
2,3,2,8888,eth0,120,8.0562,14.90,Hello from SEC!,2025-04-13T19:23:11.539063
3,3,2,8888,eth0,120,8.0100,14.98,Hello from SEC!,2025-04-13T19:23:19.846086
4,3,2,8888,eth0,120,8.0280,14.95,Hello from SEC!,2025-04-13T19:23:28.154554
5,3,2,8888,eth0,120,8.0457,14.91,Hello from SEC!,2025-04-13T19:23:36.497752
1,3,2,8888,eth0,120,12.1589,9.87,Hello from SEC!,2025-04-13T19:23:57.796858
2,3,2,8888,eth0,120,12.1541,9.87,Hello from SEC!,2025-04-13T19:24:10.396651
3,3,2,8888,eth0,120,12.3510,9.72,Hello from SEC!,2025-04-13T19:24:23.182547
4,3,2,8888,eth0,120,12.1117,9.91,Hello from SEC!,2025-04-13T19:24:35.725304
5,3,2,8888,eth0,120,12.2998,9.76,Hello from SEC!,2025-04-13T19:24:48.456272
1,3,3,8888,eth0,120,11.9705,10.02,Hello from SEC!,2025-04-13T19:25:31.899707
2,3,3,8888,eth0,120,11.9733,10.02,Hello from SEC!,2025-04-13T19:25:44.181439
3,3,3,8888,eth0,120,12.0141,9.99,Hello from SEC!,2025-04-13T19:25:56.495014
4,3,3,8888,eth0,120,11.6887,10.27,Hello from SEC!,2025-04-13T19:26:08.474489
5,3,3,8888,eth0,120,11.9382,10.05,Hello from SEC!,2025-04-13T19:26:20.692385
1,3,3,8888,eth0,120,18.1830,6.60,Hello from SEC!,2025-04-13T19:26:55.177130
2,3,3,8888,eth0,120,18.0582,6.65,Hello from SEC!,2025-04-13T19:27:13.692971
3,3,3,8888,eth0,120,18.0106,6.66,Hello from SEC!,2025-04-13T19:27:32.133816
4,3,3,8888,eth0,120,18.1417,6.61,Hello from SEC!,2025-04-13T19:27:50.710911
5,3,3,8888,eth0,120,18.2676,6.57,Hello from SEC!,2025-04-13T19:28:09.409704
1,4,1,8888,eth0,120,3.2375,37.07,Hello from SEC!,2025-04-13T19:28:25.913596
2,4,1,8888,eth0,120,3.2647,36.76,Hello from SEC!,2025-04-13T19:28:29.486135
3,4,1,8888,eth0,120,3.1378,38.24,Hello from SEC!,2025-04-13T19:28:32.916597
4,4,1,8888,eth0,120,3.1370,38.25,Hello from SEC!,2025-04-13T19:28:36.355415
5,4,1,8888,eth0,120,3.2247,37.21,Hello from SEC!,2025-04-13T19:28:39.855921
1,4,1,8888,eth0,120,4.8946,24.52,Hello from SEC!,2025-04-13T19:30:40.027954
2,4,1,8888,eth0,120,4.9129,24.43,Hello from SEC!,2025-04-13T19:30:45.383227
3,4,1,8888,eth0,120,4.8527,24.73,Hello from SEC!,2025-04-13T19:30:50.680688
4,4,1,8888,eth0,120,4.8944,24.52,Hello from SEC!,2025-04-13T19:30:56.015010
5,4,1,8888,eth0,120,4.8819,24.58,Hello from SEC!,2025-04-13T19:31:01.357666
1,4,2,8888,eth0,120,6.0718,19.76,Hello from SEC!,2025-04-13T19:35:17.705594
2,4,2,8888,eth0,120,6.0867,19.72,Hello from SEC!,2025-04-13T19:35:24.058482
3,4,2,8888,eth0,120,6.1359,19.56,Hello from SEC!,2025-04-13T19:35:30.478927
4,4,2,8888,eth0,120,6.1273,19.58,Hello from SEC!,2025-04-13T19:35:36.902366
5,4,2,8888,eth0,120,6.1022,19.67,Hello from SEC!,2025-04-13T19:35:43.294115
1,4,2,8888,eth0,120,9.3257,12.87,Hello from SEC!,2025-04-13T19:36:04.086699
2,4,2,8888,eth0,120,9.3362,12.85,Hello from SEC!,2025-04-13T19:36:13.879722
3,4,2,8888,eth0,120,9.2781,12.93,Hello from SEC!,2025-04-13T19:36:23.611126
4,4,2,8888,eth0,120,9.3618,12.82,Hello from SEC!,2025-04-13T19:36:33.434796
5,4,2,8888,eth0,120,9.3959,12.77,Hello from SEC!,2025-04-13T19:36:43.276220
1,4,3,8888,eth0,120,8.9196,13.45,Hello from SEC!,2025-04-13T19:37:11.247471
2,4,3,8888,eth0,120,8.9493,13.41,Hello from SEC!,2025-04-13T19:37:20.505993
3,4,3,8888,eth0,120,9.0296,13.29,Hello from SEC!,2025-04-13T19:37:29.823764
4,4,3,8888,eth0,120,9.0808,13.21,Hello from SEC!,2025-04-13T19:37:39.213573
5,4,3,8888,eth0,120,8.9923,13.34,Hello from SEC!,2025-04-13T19:37:48.499032
1,4,3,8888,eth0,120,13.6803,8.77,Hello from SEC!,2025-04-13T19:39:28.105050
2,4,3,8888,eth0,120,13.6526,8.79,Hello from SEC!,2025-04-13T19:39:42.194999
3,4,3,8888,eth0,120,13.6838,8.77,Hello from SEC!,2025-04-13T19:39:56.308217
4,4,3,8888,eth0,120,13.8206,8.68,Hello from SEC!,2025-04-13T19:40:10.569331
5,4,3,8888,eth0,120,13.5631,8.85,Hello from SEC!,2025-04-13T19:40:24.600741
