run_idx,message,nop_bits,pps,delay,target_ip,port,bits,duration,bps,timestamp
1,Hello from SEC!,1,1,0.05,10.0.0.21,8888,120,12.3300,9.73,2025-04-13T18:42:25.364868
2,Hello from SEC!,1,1,0.05,10.0.0.21,8888,120,12.2181,9.82,2025-04-13T18:42:37.583841
3,Hello from SEC!,1,1,0.05,10.0.0.21,8888,120,11.9900,10.01,2025-04-13T18:42:49.574776
4,Hello from SEC!,1,1,0.05,10.0.0.21,8888,120,12.3272,9.73,2025-04-13T18:43:01.903230
5,Hello from SEC!,1,1,0.05,10.0.0.21,8888,120,12.2890,9.76,2025-04-13T18:43:14.193397
1,Hello from SEC!,1,1,0.1,10.0.0.21,8888,120,18.6083,6.45,2025-04-13T18:43:52.549748
2,Hello from SEC!,1,1,0.1,10.0.0.21,8888,120,18.7314,6.41,2025-04-13T18:44:11.282062
3,Hello from SEC!,1,1,0.1,10.0.0.21,8888,120,18.6586,6.43,2025-04-13T18:44:29.941721
4,Hello from SEC!,1,1,0.1,10.0.0.21,8888,120,18.5538,6.47,2025-04-13T18:44:48.496518
5,Hello from SEC!,1,1,0.1,10.0.0.21,8888,120,18.4539,6.50,2025-04-13T18:45:06.951861
1,Hello from SEC!,1,2,0.05,10.0.0.21,8888,120,23.9178,5.02,2025-04-13T18:46:23.459454
2,Hello from SEC!,1,2,0.05,10.0.0.21,8888,120,23.6630,5.07,2025-04-13T18:46:47.123146
3,Hello from SEC!,1,2,0.05,10.0.0.21,8888,120,23.8324,5.04,2025-04-13T18:47:10.956267
4,Hello from SEC!,1,2,0.05,10.0.0.21,8888,120,24.0138,5.00,2025-04-13T18:47:34.970839
5,Hello from SEC!,1,2,0.05,10.0.0.21,8888,120,23.8779,5.03,2025-04-13T18:47:58.849438
1,Hello from SEC!,1,2,0.1,10.0.0.21,8888,120,36.2946,3.31,2025-04-13T18:52:50.603456
2,Hello from SEC!,1,2,0.1,10.0.0.21,8888,120,36.5980,3.28,2025-04-13T18:53:27.202305
3,Hello from SEC!,1,2,0.1,10.0.0.21,8888,120,36.4007,3.30,2025-04-13T18:54:03.603785
4,Hello from SEC!,1,2,0.1,10.0.0.21,8888,120,36.3961,3.30,2025-04-13T18:54:40.000879
5,Hello from SEC!,1,2,0.1,10.0.0.21,8888,120,36.7081,3.27,2025-04-13T18:55:16.710032
1,Hello from SEC!,1,3,0.05,10.0.0.21,8888,120,35.2406,3.41,2025-04-13T18:56:38.032104
2,Hello from SEC!,1,3,0.05,10.0.0.21,8888,120,35.6689,3.36,2025-04-13T18:57:13.701809
3,Hello from SEC!,1,3,0.05,10.0.0.21,8888,120,35.3946,3.39,2025-04-13T18:57:49.097209
4,Hello from SEC!,1,3,0.05,10.0.0.21,8888,120,35.5091,3.38,2025-04-13T18:58:24.607016
5,Hello from SEC!,1,3,0.05,10.0.0.21,8888,120,35.5469,3.38,2025-04-13T18:59:00.154788
1,Hello from SEC!,1,3,0.1,10.0.0.21,8888,120,53.7843,2.23,2025-04-13T19:01:32.217084
2,Hello from SEC!,1,3,0.1,10.0.0.21,8888,120,54.1166,2.22,2025-04-13T19:02:26.334871
3,Hello from SEC!,1,3,0.1,10.0.0.21,8888,120,53.9972,2.22,2025-04-13T19:03:20.332965
4,Hello from SEC!,1,3,0.1,10.0.0.21,8888,120,54.0437,2.22,2025-04-13T19:04:14.377554
5,Hello from SEC!,1,3,0.1,10.0.0.21,8888,120,53.7195,2.23,2025-04-13T19:05:08.098048
1,Hello from SEC!,2,1,0.05,10.0.0.21,8888,120,6.3252,18.97,2025-04-13T19:06:47.301667
2,Hello from SEC!,2,1,0.05,10.0.0.21,8888,120,6.3273,18.97,2025-04-13T19:06:53.630020
3,Hello from SEC!,2,1,0.05,10.0.0.21,8888,120,6.4679,18.55,2025-04-13T19:07:00.098957
4,Hello from SEC!,2,1,0.05,10.0.0.21,8888,120,6.3801,18.81,2025-04-13T19:07:06.479836
5,Hello from SEC!,2,1,0.05,10.0.0.21,8888,120,6.3258,18.97,2025-04-13T19:07:12.806573
1,Hello from SEC!,2,1,0.1,10.0.0.21,8888,120,9.7438,12.32,2025-04-13T19:07:54.819908
2,Hello from SEC!,2,1,0.1,10.0.0.21,8888,120,9.8554,12.18,2025-04-13T19:08:04.676123
3,Hello from SEC!,2,1,0.1,10.0.0.21,8888,120,9.7168,12.35,2025-04-13T19:08:14.393944
4,Hello from SEC!,2,1,0.1,10.0.0.21,8888,120,9.7201,12.35,2025-04-13T19:08:24.114779
5,Hello from SEC!,2,1,0.1,10.0.0.21,8888,120,9.6483,12.44,2025-04-13T19:08:33.763962
1,Hello from SEC!,2,2,0.05,10.0.0.21,8888,120,12.3589,9.71,2025-04-13T19:09:15.152243
2,Hello from SEC!,2,2,0.05,10.0.0.21,8888,120,12.3232,9.74,2025-04-13T19:09:27.476288
3,Hello from SEC!,2,2,0.05,10.0.0.21,8888,120,12.2121,9.83,2025-04-13T19:09:39.689357
4,Hello from SEC!,2,2,0.05,10.0.0.21,8888,120,12.4867,9.61,2025-04-13T19:09:52.176891
5,Hello from SEC!,2,2,0.05,10.0.0.21,8888,120,12.3572,9.71,2025-04-13T19:10:04.534858
1,Hello from SEC!,2,2,0.1,10.0.0.21,8888,120,18.6914,6.42,2025-04-13T19:11:21.428851
2,Hello from SEC!,2,2,0.1,10.0.0.21,8888,120,18.7302,6.41,2025-04-13T19:11:40.159994
3,Hello from SEC!,2,2,0.1,10.0.0.21,8888,120,18.4917,6.49,2025-04-13T19:11:58.652632
4,Hello from SEC!,2,2,0.1,10.0.0.21,8888,120,18.4360,6.51,2025-04-13T19:12:17.089376
5,Hello from SEC!,2,2,0.1,10.0.0.21,8888,120,18.6233,6.44,2025-04-13T19:12:35.713688
1,Hello from SEC!,2,3,0.05,10.0.0.21,8888,120,18.1780,6.60,2025-04-13T19:13:50.303727
2,Hello from SEC!,2,3,0.05,10.0.0.21,8888,120,18.0793,6.64,2025-04-13T19:14:08.383969
3,Hello from SEC!,2,3,0.05,10.0.0.21,8888,120,18.1014,6.63,2025-04-13T19:14:26.486188
4,Hello from SEC!,2,3,0.05,10.0.0.21,8888,120,18.0115,6.66,2025-04-13T19:14:44.499205
5,Hello from SEC!,2,3,0.05,10.0.0.21,8888,120,17.9214,6.70,2025-04-13T19:15:02.421477
1,Hello from SEC!,2,3,0.1,10.0.0.21,8888,120,27.3517,4.39,2025-04-13T19:18:47.006543
2,Hello from SEC!,2,3,0.1,10.0.0.21,8888,120,27.4633,4.37,2025-04-13T19:19:14.470717
3,Hello from SEC!,2,3,0.1,10.0.0.21,8888,120,27.3796,4.38,2025-04-13T19:19:41.851194
4,Hello from SEC!,2,3,0.1,10.0.0.21,8888,120,27.4352,4.37,2025-04-13T19:20:09.287154
5,Hello from SEC!,2,3,0.1,10.0.0.21,8888,120,27.5371,4.36,2025-04-13T19:20:36.825065
1,Hello from SEC!,3,1,0.05,10.0.0.21,8888,120,4.4856,26.75,2025-04-13T19:21:22.284195
2,Hello from SEC!,3,1,0.05,10.0.0.21,8888,120,4.4223,27.14,2025-04-13T19:21:26.707288
3,Hello from SEC!,3,1,0.05,10.0.0.21,8888,120,4.4772,26.80,2025-04-13T19:21:31.185345
4,Hello from SEC!,3,1,0.05,10.0.0.21,8888,120,4.5222,26.54,2025-04-13T19:21:35.708330
5,Hello from SEC!,3,1,0.05,10.0.0.21,8888,120,4.4682,26.86,2025-04-13T19:21:40.177404
1,Hello from SEC!,3,1,0.1,10.0.0.21,8888,120,6.8240,17.58,2025-04-13T19:22:12.619694
2,Hello from SEC!,3,1,0.1,10.0.0.21,8888,120,6.8122,17.62,2025-04-13T19:22:19.433059
3,Hello from SEC!,3,1,0.1,10.0.0.21,8888,120,6.7758,17.71,2025-04-13T19:22:26.209967
4,Hello from SEC!,3,1,0.1,10.0.0.21,8888,120,6.8750,17.45,2025-04-13T19:22:33.085823
5,Hello from SEC!,3,1,0.1,10.0.0.21,8888,120,6.7563,17.76,2025-04-13T19:22:39.842865
1,Hello from SEC!,3,2,0.05,10.0.0.21,8888,120,8.4147,14.26,2025-04-13T19:23:03.456386
2,Hello from SEC!,3,2,0.05,10.0.0.21,8888,120,8.3460,14.38,2025-04-13T19:23:11.803255
3,Hello from SEC!,3,2,0.05,10.0.0.21,8888,120,8.2921,14.47,2025-04-13T19:23:20.096231
4,Hello from SEC!,3,2,0.05,10.0.0.21,8888,120,8.3262,14.41,2025-04-13T19:23:28.423255
5,Hello from SEC!,3,2,0.05,10.0.0.21,8888,120,8.3471,14.38,2025-04-13T19:23:36.771143
1,Hello from SEC!,3,2,0.1,10.0.0.21,8888,120,12.6448,9.49,2025-04-13T19:23:58.211217
2,Hello from SEC!,3,2,0.1,10.0.0.21,8888,120,12.5912,9.53,2025-04-13T19:24:10.803382
3,Hello from SEC!,3,2,0.1,10.0.0.21,8888,120,12.7835,9.39,2025-04-13T19:24:23.587725
4,Hello from SEC!,3,2,0.1,10.0.0.21,8888,120,12.5311,9.58,2025-04-13T19:24:36.119743
5,Hello from SEC!,3,2,0.1,10.0.0.21,8888,120,12.7388,9.42,2025-04-13T19:24:48.859489
1,Hello from SEC!,3,3,0.05,10.0.0.21,8888,120,12.3212,9.74,2025-04-13T19:25:32.175991
2,Hello from SEC!,3,3,0.05,10.0.0.21,8888,120,12.2778,9.77,2025-04-13T19:25:44.454641
3,Hello from SEC!,3,3,0.05,10.0.0.21,8888,120,12.3072,9.75,2025-04-13T19:25:56.762899
4,Hello from SEC!,3,3,0.05,10.0.0.21,8888,120,11.9620,10.03,2025-04-13T19:26:08.726241
5,Hello from SEC!,3,3,0.05,10.0.0.21,8888,120,12.2232,9.82,2025-04-13T19:26:20.950443
1,Hello from SEC!,3,3,0.1,10.0.0.21,8888,120,18.6920,6.42,2025-04-13T19:26:55.600045
2,Hello from SEC!,3,3,0.1,10.0.0.21,8888,120,18.4950,6.49,2025-04-13T19:27:14.095764
3,Hello from SEC!,3,3,0.1,10.0.0.21,8888,120,18.4464,6.51,2025-04-13T19:27:32.542865
4,Hello from SEC!,3,3,0.1,10.0.0.21,8888,120,18.5679,6.46,2025-04-13T19:27:51.111653
5,Hello from SEC!,3,3,0.1,10.0.0.21,8888,120,18.7221,6.41,2025-04-13T19:28:09.834624
1,Hello from SEC!,4,1,0.05,10.0.0.21,8888,120,3.5799,33.52,2025-04-13T19:28:26.188145
2,Hello from SEC!,4,1,0.05,10.0.0.21,8888,120,3.5593,33.71,2025-04-13T19:28:29.748241
3,Hello from SEC!,4,1,0.05,10.0.0.21,8888,120,3.4374,34.91,2025-04-13T19:28:33.186521
4,Hello from SEC!,4,1,0.05,10.0.0.21,8888,120,3.4118,35.17,2025-04-13T19:28:36.599419
5,Hello from SEC!,4,1,0.05,10.0.0.21,8888,120,3.5261,34.03,2025-04-13T19:28:40.126243
1,Hello from SEC!,4,1,0.1,10.0.0.21,8888,120,5.4061,22.20,2025-04-13T19:30:40.441872
2,Hello from SEC!,4,1,0.1,10.0.0.21,8888,120,5.3461,22.45,2025-04-13T19:30:45.789055
3,Hello from SEC!,4,1,0.1,10.0.0.21,8888,120,5.2989,22.65,2025-04-13T19:30:51.089170
4,Hello from SEC!,4,1,0.1,10.0.0.21,8888,120,5.3507,22.43,2025-04-13T19:30:56.440783
5,Hello from SEC!,4,1,0.1,10.0.0.21,8888,120,5.3342,22.50,2025-04-13T19:31:01.775972
1,Hello from SEC!,4,2,0.05,10.0.0.21,8888,120,6.3991,18.75,2025-04-13T19:35:17.943863
2,Hello from SEC!,4,2,0.05,10.0.0.21,8888,120,6.3665,18.85,2025-04-13T19:35:24.310998
3,Hello from SEC!,4,2,0.05,10.0.0.21,8888,120,6.4414,18.63,2025-04-13T19:35:30.753442
4,Hello from SEC!,4,2,0.05,10.0.0.21,8888,120,6.4099,18.72,2025-04-13T19:35:37.164085
5,Hello from SEC!,4,2,0.05,10.0.0.21,8888,120,6.3859,18.79,2025-04-13T19:35:43.550627
1,Hello from SEC!,4,2,0.1,10.0.0.21,8888,120,9.8266,12.21,2025-04-13T19:36:04.510554
2,Hello from SEC!,4,2,0.1,10.0.0.21,8888,120,9.7922,12.25,2025-04-13T19:36:14.303481
3,Hello from SEC!,4,2,0.1,10.0.0.21,8888,120,9.7393,12.32,2025-04-13T19:36:24.043520
4,Hello from SEC!,4,2,0.1,10.0.0.21,8888,120,9.8112,12.23,2025-04-13T19:36:33.855482
5,Hello from SEC!,4,2,0.1,10.0.0.21,8888,120,9.8399,12.20,2025-04-13T19:36:43.696309
1,Hello from SEC!,4,3,0.05,10.0.0.21,8888,120,9.2630,12.95,2025-04-13T19:37:11.519155
2,Hello from SEC!,4,3,0.05,10.0.0.21,8888,120,9.2379,12.99,2025-04-13T19:37:20.758012
3,Hello from SEC!,4,3,0.05,10.0.0.21,8888,120,9.3393,12.85,2025-04-13T19:37:30.098223
4,Hello from SEC!,4,3,0.05,10.0.0.21,8888,120,9.3758,12.80,2025-04-13T19:37:39.475154
5,Hello from SEC!,4,3,0.05,10.0.0.21,8888,120,9.2726,12.94,2025-04-13T19:37:48.748552
1,Hello from SEC!,4,3,0.1,10.0.0.21,8888,120,14.1745,8.47,2025-04-13T19:39:28.514637
2,Hello from SEC!,4,3,0.1,10.0.0.21,8888,120,14.0877,8.52,2025-04-13T19:39:42.603192
3,Hello from SEC!,4,3,0.1,10.0.0.21,8888,120,14.1104,8.50,2025-04-13T19:39:56.714573
4,Hello from SEC!,4,3,0.1,10.0.0.21,8888,120,14.2848,8.40,2025-04-13T19:40:11.000331
5,Hello from SEC!,4,3,0.1,10.0.0.21,8888,120,14.0170,8.56,2025-04-13T19:40:25.018316
